{"best/epoch": 9, "best/precision": 0.8635394531381531, "best/recall": 0.5778658643673261, "best/mAP50": 0.6260730339266776, "best/mAP50-95": 0.4194590901198678, "metrics/precision(B)": 0.8635394531381531, "metrics/recall(B)": 0.5778658643673261, "metrics/mAP50(B)": 0.6260730339266776, "metrics/mAP50-95(B)": 0.4194590901198678, "val/box_loss": 0.98034, "val/cls_loss": 0.78599, "val/dfl_loss": 0.81175, "_timestamp": 1674730275, "_runtime": 7617, "_step": 10, "_wandb": {"runtime": 7620}}